,name,game_catalog_uuid,date_created,status,user_created
,1 Solari token,4,2026-01-04T23:27:00.663Z,draft,08f72b0e-58c8-4dde-a112-d1256673b441
,5 Solari token,4,2026-01-04T23:27:00.663Z,draft,08f72b0e-58c8-4dde-a112-d1256673b441
,1 Spice token,4,2026-01-04T23:27:00.663Z,draft,08f72b0e-58c8-4dde-a112-d1256673b441
,5 Spice token,4,2026-01-04T23:27:00.663Z,draft,08f72b0e-58c8-4dde-a112-d1256673b441
,1 Water token,4,2026-01-04T23:27:00.663Z,draft,08f72b0e-58c8-4dde-a112-d1256673b441
,Troop cube – blue,4,2026-01-04T23:27:00.663Z,draft,08f72b0e-58c8-4dde-a112-d1256673b441
,Troop cube – red,4,2026-01-04T23:27:00.663Z,draft,08f72b0e-58c8-4dde-a112-d1256673b441
,Troop cube – green,4,2026-01-04T23:27:00.663Z,draft,08f72b0e-58c8-4dde-a112-d1256673b441
,Troop cube – yellow,4,2026-01-04T23:27:00.663Z,draft,08f72b0e-58c8-4dde-a112-d1256673b441
,Agent meeple – blue,4,2026-01-04T23:27:00.663Z,draft,08f72b0e-58c8-4dde-a112-d1256673b441
,Agent meeple – red,4,2026-01-04T23:27:00.663Z,draft,08f72b0e-58c8-4dde-a112-d1256673b441
,Agent meeple – green,4,2026-01-04T23:27:00.663Z,draft,08f72b0e-58c8-4dde-a112-d1256673b441
,Agent meeple – yellow,4,2026-01-04T23:27:00.663Z,draft,08f72b0e-58c8-4dde-a112-d1256673b441
,Swordmaster meeple – blue,4,2026-01-04T23:27:00.663Z,draft,08f72b0e-58c8-4dde-a112-d1256673b441
,Swordmaster meeple – red,4,2026-01-04T23:27:00.663Z,draft,08f72b0e-58c8-4dde-a112-d1256673b441
,Swordmaster meeple – green,4,2026-01-04T23:27:00.663Z,draft,08f72b0e-58c8-4dde-a112-d1256673b441
,Swordmaster meeple – yellow,4,2026-01-04T23:27:00.663Z,draft,08f72b0e-58c8-4dde-a112-d1256673b441
,Combat marker – blue,4,2026-01-04T23:27:00.663Z,draft,08f72b0e-58c8-4dde-a112-d1256673b441
,Combat marker – red,4,2026-01-04T23:27:00.663Z,draft,08f72b0e-58c8-4dde-a112-d1256673b441
,Combat marker – green,4,2026-01-04T23:27:00.663Z,draft,08f72b0e-58c8-4dde-a112-d1256673b441
,Combat marker – yellow,4,2026-01-04T23:27:00.663Z,draft,08f72b0e-58c8-4dde-a112-d1256673b441
,Influence cube – blue,4,2026-01-04T23:27:00.663Z,draft,08f72b0e-58c8-4dde-a112-d1256673b441
,Influence cube – red,4,2026-01-04T23:27:00.663Z,draft,08f72b0e-58c8-4dde-a112-d1256673b441
,Influence cube – green,4,2026-01-04T23:27:00.663Z,draft,08f72b0e-58c8-4dde-a112-d1256673b441
,Influence cube – yellow,4,2026-01-04T23:27:00.663Z,draft,08f72b0e-58c8-4dde-a112-d1256673b441
,Score disc – blue,4,2026-01-04T23:27:00.663Z,draft,08f72b0e-58c8-4dde-a112-d1256673b441
,Score disc – red,4,2026-01-04T23:27:00.663Z,draft,08f72b0e-58c8-4dde-a112-d1256673b441
,Score disc – green,4,2026-01-04T23:27:00.663Z,draft,08f72b0e-58c8-4dde-a112-d1256673b441
,Score disc – yellow,4,2026-01-04T23:27:00.663Z,draft,08f72b0e-58c8-4dde-a112-d1256673b441
,Spy token,4,2026-01-04T23:27:00.663Z,draft,08f72b0e-58c8-4dde-a112-d1256673b441
,Sandworm figure,4,2026-01-04T23:27:00.663Z,draft,08f72b0e-58c8-4dde-a112-d1256673b441
,Maker Hooks token,4,2026-01-04T23:27:00.663Z,draft,08f72b0e-58c8-4dde-a112-d1256673b441
,Shield Wall token,4,2026-01-04T23:27:00.663Z,draft,08f72b0e-58c8-4dde-a112-d1256673b441
,First Player marker,4,2026-01-04T23:27:00.663Z,draft,08f72b0e-58c8-4dde-a112-d1256673b441
,Alliance token – Emperor,4,2026-01-04T23:27:00.663Z,draft,08f72b0e-58c8-4dde-a112-d1256673b441
,Alliance token – Spacing Guild,4,2026-01-04T23:27:00.663Z,draft,08f72b0e-58c8-4dde-a112-d1256673b441
,Alliance token – Bene Gesserit,4,2026-01-04T23:27:00.663Z,draft,08f72b0e-58c8-4dde-a112-d1256673b441
,Alliance token – Fremen,4,2026-01-04T23:27:00.663Z,draft,08f72b0e-58c8-4dde-a112-d1256673b441
,Imperium card,4,2026-01-04T23:27:00.663Z,draft,08f72b0e-58c8-4dde-a112-d1256673b441
,Intrigue card,4,2026-01-04T23:27:00.663Z,draft,08f72b0e-58c8-4dde-a112-d1256673b441
,Conflict card,4,2026-01-04T23:27:00.663Z,draft,08f72b0e-58c8-4dde-a112-d1256673b441
,Objective card,4,2026-01-04T23:27:00.663Z,draft,08f72b0e-58c8-4dde-a112-d1256673b441
,Leader card,4,2026-01-04T23:27:00.663Z,draft,08f72b0e-58c8-4dde-a112-d1256673b441
,Starting Deck card,4,2026-01-04T23:27:00.663Z,draft,08f72b0e-58c8-4dde-a112-d1256673b441
,Reserve card – Prepare the Way,4,2026-01-04T23:27:00.663Z,draft,08f72b0e-58c8-4dde-a112-d1256673b441
,Reserve card – The Spice Must Flow,4,2026-01-04T23:27:00.663Z,draft,08f72b0e-58c8-4dde-a112-d1256673b441
